Changes made at Sat Aug  9 05:58:18 UTC 2025
Changes made at Thu Nov 20 14:17:17 UTC 2025
Changes made at Thu Nov 20 16:16:32 UTC 2025
Changes made at Fri Nov 21 08:18:43 UTC 2025
Changes made at Fri Nov 21 10:13:51 UTC 2025
Changes made at Fri Nov 21 14:12:53 UTC 2025
Changes made at Fri Nov 21 16:16:08 UTC 2025
Changes made at Sat Nov 22 08:15:45 UTC 2025
Changes made at Sat Nov 22 10:12:22 UTC 2025
Changes made at Sat Nov 22 14:10:30 UTC 2025
Changes made at Sat Nov 22 16:13:44 UTC 2025
Changes made at Sun Nov 23 08:16:02 UTC 2025
